AccessionNo|Sample.label|Sample.no|Ext.label|Seq.label|Sample.R_cat|SAMPLED|EXTRACTED|LIB.PREPPED|SEQUENCED|Spec.family|Spec.genus|Spec.species|Spec.subspecies|Spec.museum|Spec.coll.date|Reindeer.pre.mtSeq|Spec.coll.year|Spec.coll.month|Spec.coll.day|Spec.sex|Spec.age|Spec.nation|Spec.province|Spec.district|Spec.locality|Spec.stated.locality|Spec.collector|Spec.weight|Spec.length|Spec.comments|Spec.otherinfo|Spec.otherinfo.Eng|Spec.photo|Bear.haplotype|Bear.PoorOralHealth|Bear.oral.health|Reindeer.ecotype|Reindeer.death|Sample.coll.date|Sample.description|Sample.weight.g|Sample.comments|Ext.date|Ext.batch|Ext.mass.mg|Ext.mass.remaining|Ext.use|Ext.decontam|Ext.elution|Ext.eluA.remaining|Ext.eluB.remaining|Ext.Qubit|Ext.yield.ng-mg|LP.ID|LP.date|LP.batch|LP.startDNA.ul|LP.qPCR.copies-ul|LP.BC.P5-7|LP.BC.P5.seq|LP.BC.P7.seq|IN.date|IN.batch|IN.startDNA.ul|IN.cycles|IN.elu.ul|IN.protocol|IN.P5-7|IN.P5.seq.revcomp|IN.P7.seq|IN.BC|IN.qPCR.copies-ul|Seq.Screen|Seq.copies-in-pool|Comments|SampleID|Sample.pair|Spec.host|Spec.decade|Spec.HalfCentury|Spec.age.bin|Spec.kommun|Spec.county|Bear.tooth.health|Reindeer.captive|Gorilla.subspecies|Sample.colour|Sample.tooth|Ext.yield.ng.mg|LP.qPCR.copies.ul|LP.BC.P5.7|IN.P5.7|IN.qPCR.copies.ul|Seq.copies.in.pool|Reads.n.raw|Reads.n.P5|Reads.n.P6unmap|Reads.n.P6host|Reads.n.P6human|Reads.prop.host|Reads.prop.human|Reads.length.P6unmap|st.unfilt.calculus|st.unfilt.gut|st.unfilt.plaque|st.unfilt.skin|st.unfilt.labcontam|st.unfilt.soil|st.unfilt.unknown|st.unfilt.oral|st.unfilt.nonoral|Bear.est.lineage|Spec.Sweden|Spec.county.pop|Spec.county.popden|Spec.Period|Spec.radius.curr.pop|Bear.oral.scoring.class2
20025037|NA|1|17-R50|Rt050|Reindeer_hist|Yes|Yes|Yes|Yes|NA|Rangifer|tarandus|NA|NRM|NA|NA|NA|NA|NA|Female|NA|Sweden|Götaland|Bohuslän|zoo (Götaland)|NA|Nordens Ark, Åby Säteri, 450 46 HUNNEBOSTRAND|NA|NA|Wild (?) forest reindeer; Högholmen (zoo in Helsinki) Finland; possibly captured, transferred or died at age 6 or in 1989? Possibly died while calving|Nordens Ark (wild animal park), Fynddateem (date of finding) 1995-10-05. Kommentas: Dog vid kalvning. Dödssält: Okänd, Female, age 7 years|NA|No|NA|NA|NA|?tame|Dog vid kalvning|15.08.2017|Black|0.004|NA|2018-11-13|17|2|0|NA|UV + EDTA wash|EBT|22.5|45|0.269|6.0525|177|2018-11-26|10|20|141709219.770032|12-15|ACTGCGT|AACGCTA|2018-12-09|4|18|10|15|opt buffer|8-8|TTCGAGC|GGCGGAG|12-15_8-8|104786952893.428|RK-1996|157180429340.141|NA|Rt050|NA|Reindeer|1980|c20.2|NA|Sotenas|Vastra Gotaland|NA|Yes|NA|black|No|6.053|1.42e+08|12-15|8-8|1.05e+11|1.57e+11|415803624|79681235|73339106|4604511|8747|0.0578|1e-04|71.8|0.303945393042434|0|0.061660820646835|0|0.056341020579076|0.354423563513384|0.223629202218271|0.365606213689269|0.41076458409246|NA|TRUE|NA|NA|NA|NA|NA
614682|NA|1|2-R5|Rt5|Reindeer_hist|Yes|Yes|Yes|Yes|NA|Rangifer|tarandus|fennicus (without label)|NRM|NA|NA|1960|NA|NA|NA|NA|NA|NA|NA|NA|NA|Collector, anonymous|NA|NA|ethics missing (?)|NA|NA|No|NA|NA|NA|forest|collected|09.03.2017|Black brown|0.016|NA|2017-09-19|2|5|11|NA|none|TTE|22|45|NA|NA|2-R5|2017-09-21|2|20 of A|610300|7-7|TGGCCAT|TGGCCAT|2018-04-25|2|9 in 50 x 2|12|10 x 2|NA|8-9|GCTCGAA|TGGACGT|7-7,8-9|8.0595e+10|RA-1718|4.02975e+11|NA|Rt5|NA|NA|NA|NA|NA|NA|NA|NA|NA|NA|NA|NA|NA|NA|NA|NA|NA|NA|NA|NA|NA|NA|NA|NA|NA|NA|NA|NA|NA|NA|NA|NA|NA|NA|NA|NA|NA|NA|NA|NA|NA|NA
614678|NA|1|18-R53|Rt053|Reindeer_hist|Yes|Yes|Yes|Yes|NA|Rangifer|tarandus|fennicus, Lönuberg|NRM|NA|NA|1910|2|14|NA|NA|Sweden?|Pajala?|Pajala?|Pajalu|NA|Sohlberg, CO|NA|NA|Horns fell (?)|NA|NA|No|NA|NA|NA|forest|NA|09.03.2017|Black|0.004|NA|2018-11-14|18|3|0|NA|UV + EDTA wash|EBT|22.5|45|2.7|40.5|207|2018-11-28|11|20|74771804.3332456|11-13|TAGCACG|GGTATCG|2018-12-09|4|18|10|15|opt buffer|9-9|AGTTGGT|TGGACGT|11-13_9-9|53591632908.4851|RK-1996|80387449362.7277|NA|Rt053|NA|Reindeer|1910|c20.1|NA|Pajala|Norrbotten|NA|NA|NA|black|No|40.5|74800000|11-13|9-9|5.36e+10|8.04e+10|189893372|37298011|32807276|3254825|1212|0.0873|0|56.5|0.264366380005287|0|0|0|0.055081940003844|0.152025559962996|0.528526120027873|0.264366380005287|0.20710749996684|NA|TRUE|161132|1.64010382207746|pre1940|NA|NA
614660|NA|1|16-R48|Rt048|Reindeer_hist|Yes|Yes|Yes|Yes|NA|Rangifer|tarandus|tarandus L.|NRM|NA|NA|1842|NA|NA|NA|NA|NA|NA|NA|Lappland|NA|Collector, anonymous|NA|NA|NA|NA|NA|No|NA|NA|NA|forest|collected|09.03.2017|Black brown|0.006|NA|2018-10-30|16|8|0|NA|UV + EDTA wash|EBT|2.5|45|2.24|12.6|201|2018-11-28|11|20|372703911.879171|8-10|ATTGGCA|GTCATAC|2018-12-09|4|18|10|15|opt buffer|9-9|AGTTGGT|TGGACGT|8-10_9-9|116028991946.98|RK-1996|174043487920.47|NA|Rt048|NA|Reindeer|1840|c19.1|NA|NA|NA|NA|No|NA|black|No|12.6|3.73e+08|8-10|9-9|1.16e+11|1.74e+11|349016736|69204881|69108343|44002|4082|6e-04|1e-04|56|0.537858625363065|3.364e-05|0|0.007222830084097|0.020356580205681|0.301196603011678|0.133331721335479|0.537858625363065|0.328809653301456|NA|FALSE|NA|NA|pre1940|NA|NA
645906|NA|1|9-R31|Rt031|Reindeer_hist|Yes|Yes|Yes|Yes|NA|Rangifer|tarandus|NA|NRM|15.06.1922|NA|1922|NA|NA|Female|NA|NA|NA|NA|NA|NA|Collector, anonymous|NA|NA|Something to do with a bear skull from Kamtchatka (?) in a map with SBM food??|Kap Pivatfarf; Dan 15 juni 1922; female utan skin.|NA|No|NA|NA|NA|forest|collected|15.08.2017|Black|<0.000|NA|2018-09-21|9|4|0|NA|UV + EDTA wash|EBT|20|45|3.96|44.55|63|2018-11-09|7|20|867541968.756993|2-12|CAGTCAA|ACTGCGT|2018-12-06|3|18|10|15|opt buffer|1-1|CCTGCGA|AATCTTC|2-12_1-1|67921007020.5335|RK-1996|101881510530.8|NA|Rt031|NA|Reindeer|1920|c20.1|NA|NA|NA|NA|No|NA|black|No|44.55|8.68e+08|2-12|1-1|6.79e+10|1.02e+11|491351080|97753400|97196284|145430|3882|0.0015|0|62.8|0|0|0|0.190585809854871|0.270440669993752|0.089254640066797|0.44971888008458|0|0.55028111991542|NA|FALSE|NA|NA|pre1940|NA|NA
614642|NA|1|7-R20|Rt020|Reindeer_hist|Yes|Yes|Yes|Yes|NA|Rangifer|tarandus|L.|NRM|NA|NA|1910|NA|NA|NA|NA|Sweden|Norrbotten|Kiruna|Karesuando|NA|Collector, anonymous|NA|NA|NA|NA|NA|No|NA|NA|NA|mountain|put-down|09.03.2017|Black brown|0.006|NA|2018-08-14|7|0|0|NA|UV + EDTA wash|EBT|20|45|2.33|NA|34|2018-11-01|6|20|915506693.725349|9-6|CGATGTA|GCCAATG|2018-12-06|3|18|10|15|opt buffer|5-5|ATCTTGC|CCGTTAG|9-6_5-5|53591632908.4851|RK-1996|80387449362.7277|NA|Rt020|NA|Reindeer|1910|c20.1|NA|Kiruna|Norrbotten|NA|Probably|NA|black|No|#DIV/0!|9.16e+08|9-6|5-5|5.36e+10|8.04e+10|316632284|63131579|58399398|3364205|1304|0.0533|0|62.3|0.33240907|9.61e-06|0|0|0.07882646|0.17087318|0.41788168|0.33240907|0.24970925|NA|TRUE|161132|1.64010382207746|pre1940|NA|NA
614651|NA|1|7-R15|Rt015|Reindeer_hist|Yes|Yes|Yes|Yes|NA|Rangifer|tarandus|tarandus|NRM|NA|NA|1910|NA|NA|NA|NA|Sweden|Norrbotten|Kiruna|Karesuando|NA|Collector, anonymous|NA|NA|NA|NA|NA|No|NA|NA|NA|mountain|put-down|09.03.2017|Black brown|0.005|NA|2018-08-14|7|4|0|NA|UV + EDTA wash|EBT|20|45|1.8|20.25|29|2018-11-01|6|20|362260168.638838|4-1|TGACTGG|ATCGATT|2018-12-06|3|18|10|15|opt buffer|5-5|ATCTTGC|CCGTTAG|4-1_5-5|23108762627.058|RK-1996|34663143940.587|NA|Rt015|NA|Reindeer|1910|c20.1|NA|Kiruna|Norrbotten|NA|Probably|NA|black|No|20.25|3.62e+08|4-1|5-5|2.31e+10|3.47e+10|145458380|28631095|26904075|1128248|885|0.0394|0|57.9|0.484251999978856|0.006031060004324|0|0|0.00484884000048|0.198241160108608|0.306626939907732|0.484251999978856|0.209121060113412|NA|TRUE|161132|1.64010382207746|pre1940|NA|NA
614649|NA|1|7-R16|Rt016|Reindeer_hist|Yes|Yes|Yes|Yes|NA|Rangifer|tarandus|tarandus|NRM|NA|NA|1910|NA|NA|NA|NA|Sweden|Norrbotten|Kiruna|Karesuando|NA|Collector, anonymous|NA|NA|NA|NA|NA|No|NA|NA|NA|mountain|put-down|09.03.2017|Black brown|0.005|NA|2018-08-14|7|0|0|NA|UV + EDTA wash|EBT|20|45|0.741|NA|30|2018-11-01|6|20|728463997.574184|5-2|CAATTGC|CAGTCAA|2018-12-06|3|18|10|15|opt buffer|5-5|ATCTTGC|CCGTTAG|5-2_5-5|44337508925.9849|RK-1996|66506263388.9773|NA|Rt016|NA|Reindeer|1910|c20.1|NA|Kiruna|Norrbotten|NA|Probably|NA|black|No|#DIV/0!|7.28e+08|5-2|5-5|4.43e+10|6.65e+10|247951024|49537770|48243372|911456|3203|0.0184|1e-04|52.8|0.347301656526504|0.001167749982699|0|3.84400038440004e-05|0.00753039991494|0.227872567792782|0.416089185779231|0.347301656526504|0.236609157694265|NA|TRUE|161132|1.64010382207746|pre1940|NA|NA
614643|NA|1|5-R10|Rt010|Reindeer_hist|Yes|Yes|Yes|Yes|NA|Rangifer|tarandus|tarandus L.|NRM|NA|NA|1910|NA|NA|NA|NA|Sweden|Norrbotten|Kiruna|Karesuando|NA|Collector, anonymous|NA|NA|NA|NA|NA|No|NA|NA|NA|mountain|put-down|09.03.2017|Black brown|0.016|NA|2018-03-23|5|9|7|NA|UV + EDTA wash|EBT|21|45|0.66|3.3|27|2018-11-01|6|20|255606176.529857|14-12|TTACAGT|ACTGCGT|2018-12-06|3|18|10|15|opt buffer|5-5|ATCTTGC|CCGTTAG|14-12_5-5|61779055697.5522|RK-1996|92668583546.3283|NA|Rt010|NA|Reindeer|1910|c20.1|NA|Kiruna|Norrbotten|NA|Probably|NA|black|No|3.3|2.56e+08|14-12|5-5|6.18e+10|9.27e+10|279618604|54411643|54235600|51517|1666|9e-04|0|48.5|0.438699611926091|0.007472710379162|0|0.020202791018789|0.000120140009131|0.155206887750973|0.378297858915854|0.438699611926091|0.183002529158055|NA|TRUE|161132|1.64010382207746|pre1940|NA|NA
614647|NA|1|7-R17|Rt017|Reindeer_hist|Yes|Yes|Yes|Yes|NA|Rangifer|tarandus|tarandus L.|NRM|NA|NA|1910|NA|NA|NA|NA|Sweden|Norrbotten|Kiruna|Karesuando|NA|Collector, anonymous|NA|NA|NA|NA|NA|No|NA|NA|NA|mountain|put-down|09.03.2017|Black brown|0.008|NA|2018-08-14|7|0|0|NA|UV + EDTA wash|EBT|20|45|1.79|NA|31|2018-11-01|6|20|37424066.2376113|6-3|GCCAATG|GCTAGCC|2018-12-06|3|18|10|15|opt buffer|5-5|ATCTTGC|CCGTTAG|6-3_5-5|59269671290.8693|RK-1996|88904506936.304|NA|Rt017|NA|Reindeer|1910|c20.1|NA|Kiruna|Norrbotten|NA|Probably|NA|black|No|#DIV/0!|37400000|6-3|5-5|5.93e+10|8.89e+10|298853340|59497921|40175438|13937313|170074|0.2342|0.0029|62.2|0.334091016664424|0|0|0.027276668933153|0.069460327218511|0.051083667917246|0.518088319266665|0.334091016664424|0.147820664068911|NA|TRUE|161132|1.64010382207746|pre1940|NA|NA
614645|NA|1|7-R18|Rt018|Reindeer_hist|Yes|Yes|Yes|Yes|NA|Rangifer|tarandus|tarandus L.|NRM|NA|NA|1910|NA|NA|NA|NA|Sweden|Norrbotten|Kiruna|Karesuando|NA|Collector, anonymous|NA|NA|NA|NA|NA|No|NA|NA|NA|mountain|put-down|09.03.2017|Black brown|0.005|NA|2018-08-14|7|0|0|NA|UV + EDTA wash|EBT|20|45|2.44|NA|32|2018-11-01|6|20|4255401756.17542|7-4|TGGCCAT|TGACTGG|2018-12-05|2|18|8|15|opt buffer|2-2|TGCAGAG|ACCAACG|7-4_2-2|60898787905.4679|RK-1996|91348181858.2018|NA|Rt018|NA|Reindeer|1910|c20.1|NA|Kiruna|Norrbotten|NA|Probably|NA|black|No|#DIV/0!|4.26e+09|7-4|2-2|6.09e+10|9.13e+10|297545996|59918166|50347315|7234932|2377|0.1207|0|74.1|0.097847081997693|0|0|0|0.197602003961747|0.070748231457061|0.633802682583498|0.097847081997693|0.268350235418808|NA|TRUE|161132|1.64010382207746|pre1940|NA|NA
614644|NA|1|7-R19|Rt019|Reindeer_hist|Yes|Yes|Yes|Yes|NA|Rangifer|tarandus|tarandus L.|NRM|NA|NA|1910|NA|NA|NA|NA|Sweden|Norrbotten|Kiruna|Karesuando, Fjälren|NA|Collector, anonymous|NA|NA|NA|NA|NA|No|NA|NA|NA|mountain|put-down|09.03.2017|Black|-0.004|the large bit could be food remains|2018-08-14|7|0|0|NA|UV + EDTA wash|EBT|20|45|0.118|NA|33|2018-11-01|6|20|10053069.3019307|8-5|ATTGGCA|CAATTGC|2018-12-06|3|18|10|15|opt buffer|5-5|ATCTTGC|CCGTTAG|8-5_5-5|3705263862.06766|RK-1996|5557895793.10149|NA|Rt019|NA|Reindeer|1910|c20.1|NA|Kiruna|Norrbotten|NA|Probably|NA|black|No|#DIV/0!|10100000|8-5|5-5|3.71e+09|5.56e+09|14951044|2890476|2873654|4420|188|0.0015|1e-04|53.6|0.422932391524341|0.010159069814022|0|0.007102689850064|0.003493679924551|0.080119168509299|0.476193000377723|0.422932391524341|0.100874608097936|NA|TRUE|161132|1.64010382207746|pre1940|NA|NA
614658|NA|1|20-R64|Rt064|Reindeer_hist|Yes|Yes|Yes|Yes|NA|Rangifer|tarandus|tarandus L.|NRM|NA|NA|1910|NA|NA|NA|NA|Sweden|Norrbotten|Kiruna|Karesuando|NA|Collector, anonymous|NA|NA|NA|NA|NA|No|NA|NA|NA|mountain|put-down|09.03.2017|Black|<0.000|NA|2018-11-16|20|1|0|NA|UV + EDTA wash|EBT|22.5|45|0.269|12.105|218|2018-11-28|11|20|220490.005716991|14-14|TTACAGT|TTACAGT|2018-12-09|4|18|10|15|opt buffer|9-9|AGTTGGT|TGGACGT|14-14_9-9|16683201407.934|RK-1996|25024802111.901|NA|Rt064|NA|Reindeer|1910|c20.1|NA|Kiruna|Norrbotten|NA|Probably|NA|black|No|12.105|220000|14-14|9-9|1.67e+10|2.5e+10|91606412|18488921|18340090|86418|2322|0.0047|1e-04|47.2|0.22576769548801|0.00150413995819|0.001042810004805|4.80999951900005e-06|0.043798369098946|0.269926484709982|0.457955690740548|0.226810505492815|0.315233803766637|NA|TRUE|161132|1.64010382207746|pre1940|NA|NA
614653|NA|1|2-R4|NA|NA|Yes|Yes|Possibly not much AL library left|NA|NA|Rangifer|tarandus|tarandus L.|NRM|NA|NA|1910|NA|NA|NA|NA|NA|NA|NA|Karesuando|NA|Collector, anonymous|NA|NA|NA|NA|NA|No|NA|NA|NA|mountain|put-down|09.03.2017|Black brown|0.021|NA|2017-09-19|2|15|6|NA|none|TTE|22|45|NA|NA|NA|2017-09-21|2|20 of A|185100|6-6|GCCAATG|GCCAATG|2018-04-25|2|9 in 50 x 2|12|10 x 2|NA|7-8|NA|NA|NA|NA|NA|NA|Mixed up indexing reaction, no AL library left|NA|NA|NA|NA|NA|NA|NA|NA|NA|NA|NA|NA|NA|NA|NA|NA|NA|NA|NA|NA|NA|NA|NA|NA|NA|NA|NA|NA|NA|NA|NA|NA|NA|NA|NA|NA|NA|NA|NA|NA|NA|NA|NA
617668|NA|1|3-R7|Rt7|Reindeer_hist|Yes|Yes|Yes|Yes|NA|Rangifer|tarandus|platyrhynchus|NRM|NA|NA|1861|8|NA|NA|NA|Norway|Svalbard|Spitsbergen|Spetsbergen|NA|Torell, Otto|NA|NA|??|1861, 1913 Torell|NA|No|NA|NA|NA|Svalbard|collected|15.08.2017|Black brown|0.016|NA|2018-02-20|3|10|6|NA|none|EBT|25|45|0.31|1.395|3-R7|2018-04-25|4|20 of A|1194652.11737154|1-1|ATCGATT|ATCGATT|2018-04-30|3|18 in 50 x 1|12|10 x 2|NA|3-6|CCTAGGT|CGCCTCT|1-1,3-6|8.041e+10|RA-1718|4.0205e+11|NA|Rt7|NA|NA|NA|NA|NA|NA|NA|NA|NA|NA|NA|NA|NA|NA|NA|NA|NA|NA|NA|NA|NA|NA|NA|NA|NA|NA|NA|NA|NA|NA|NA|NA|NA|NA|NA|NA|NA|NA|NA|NA|NA|NA
618318|NA|1|20-R63|NA|Reindeer_hist|Yes|Yes|Yes|NA|NA|Rangifer|tarandus|platyrhynchus|NRM|NA|NA|1958|NA|NA|NA|NA|NA|NA|NA|Spitzbergen|NA|Tolén, Edgar|NA|NA|NA|Geofysiska året 1958 E. Tolen|NA|Yes|NA|NA|NA|Svalbard|collected|15.08.2017|White (tooth?) with brown flakey|0.208|NA|2018-11-16|20|47|40|NA|UV + EDTA wash|EBT|22.5|45|6.79|6.50106382978723|217|2018-11-28|11|20|3691.20923993847|13-15|NA|NA|NA|NA|NA|NA|NA|NA|NA|NA|NA|NA|NA|NA|NA|Elute discoloured; low AL qPCR values; probably inhibited; excluded|NA|NA|NA|NA|NA|NA|NA|NA|NA|NA|NA|NA|NA|NA|NA|NA|NA|NA|NA|NA|NA|NA|NA|NA|NA|NA|NA|NA|NA|NA|NA|NA|NA|NA|NA|NA|NA|NA|NA|NA|NA|NA|NA
618317|B|2|4-T2|T2|Reindeer_hist|Yes|Yes|Yes|Yes|NA|Rangifer|tarandus|platyrhynchus Vrolik|NRM|NA|NA|NA|NA|NA|NA|NA|NA|NA|NA|Spitzbergen|NA|NA|NA|NA|NA|NA|NA|No|NA|NA|NA|Svalbard|NA|15.08.2017|Tooth|0.123|Piece of tooth|2018-02-28|4|11|14|NA|UV|EBT|10|10|7.47|30.5590909090909|4-T2 Meyer|2018-03-01|3|30 of A+B|2070500|5-5|CAATTGC|CAATTGC|2018-04-19|1|9 in 50 x 2|12|10 x 2|NA|9-9|ACCAACT|TGGACGT|5-5,9-9|1.387e+11|RA-1718|6.935e+11|NA|T2|NA|NA|NA|NA|NA|NA|NA|NA|NA|NA|NA|NA|NA|NA|NA|NA|NA|NA|NA|NA|NA|NA|NA|NA|NA|NA|NA|NA|NA|NA|NA|NA|NA|NA|NA|NA|NA|NA|NA|NA|NA|NA
612871|NA|1|7-R22|Rt022|Reindeer_hist|Yes|Yes|Yes|Yes|NA|Rangifer|tarandus|platyrhynchus Vrolik|NRM|NA|NA|1882|NA|NA|Female|NA|Norway|Svalbard|Spitsbergen|Spetsbergen|NA|Swedish Geological Expedition to Spitsbergen 1882|NA|NA|NA|NA|NA|No|NA|NA|NA|Svalbard|collected|09.03.2017|Brown flakey|0.141|NA|2018-08-14|7|82|59|NA|UV + EDTA wash|EBT|20|45|15.7|8.61585365853659|52|2018-11-09|7|20|21122.6186301828|6-1|GCCAATG|ATCGATT|2018-12-06|3|18|10|15|opt buffer|1-1|CCTGCGA|AATCTTC|6-1_1-1|1990422.17732256|RK-1996|2985633.26598384|Elute slightly discoloured; possibly inhibited|Rt022|NA|Reindeer|1880|c19.2|NA|Spitsbergen|Svalbard|NA|No|NA|brown|No|8.62|21100|6-1|1-1|1990000|2990000|1424|85|84|0|0|0|0|75.6|0|0|0|0.118181821818182|0.281818199090909|0.490909071818182|0.109090907272727|0|0.890909092727273|NA|FALSE|NA|NA|pre1940|NA|NA
611911|NA|1|7-R23|Rt023|Reindeer_hist|Yes|Yes|Yes|Yes|NA|Rangifer|tarandus|platyrhynchus Vrolik|NRM|NA|NA|1861|8|NA|Female|NA|Norway|Svalbard|Spitsbergen|Spetsbergen|NA|Swedish Scientific Polarexpedition to Spitsbergen 1861|NA|NA|NA|NA|NA|Yes (?)|NA|NA|NA|Svalbard|collected|09.03.2017|Brown flakey|0.047|NA|2018-08-14|7|32|15|NA|UV + EDTA wash|EBT|20|45|9.22|12.965625|53|2018-11-09|7|20|11315001.7521615|7-2|TGGCCAT|CAGTCAA|2018-12-06|3|18|10|15|opt buffer|1-1|CCTGCGA|AATCTTC|7-2_1-1|794187083.77177|RK-1996|1191280625.65766|NA|Rt023|NA|Reindeer|1860|c19.2|NA|Spitsbergen|Svalbard|NA|No|NA|brown|No|12.97|11300000|7-2|1-1|7.94e+08|1.19e+09|4082984|828618|824407|2164|18|0.0026|0|54.8|0.417401132480177|0|0|0|0|0.080993792336488|0.501605075183335|0.417401132480177|0.080993792336488|NA|FALSE|NA|NA|pre1940|NA|NA
633003|NA|1|11-R35|Rt035|Reindeer_hist|Yes|Yes|Yes|Yes|NA|Rangifer|tarandus|platyrhynchus Vrolik|NRM|NA|NA|1861|8|NA|Male|NA|Norway|Svalbard|Spitsbergen|Spitzbergen|NA|Torell, Otto|NA|NA|NA|Sluuu jiuues|NA|No|NA|NA|NA|Svalbard|collected|15.08.2017|Brown flakey|0.056|NA|2018-10-03|11|32|24|NA|UV + EDTA wash|EBT|22.5|45|0.835|1.17421875|86|2018-11-21|8|20|14161869.2156698|12-5|ACTGCGT|CAATTGC|2018-12-06|3|18|10|15|opt buffer|6-6|TCTCCAT|CGCCTCT|12-5_6-6|7815856707.6841|RK-1996|11723785061.5262|NA|Rt035|NA|Reindeer|1860|c19.2|NA|Spitsbergen|Svalbard|NA|No|NA|brown|No|1.17|14200000|12-5|6-6|7.82e+09|1.17e+10|42757456|8398350|8318348|49998|874|0.006|1e-04|53|0.128386738699601|0|0|4.80999951900005e-06|0|0|0.87160845130088|0.128386738699601|4.80999951900005e-06|NA|FALSE|NA|NA|pre1940|NA|NA
618317|A|2|15-R43|NA|Reindeer_hist|Yes|Yes|Yes|NA|NA|Rangifer|tarandus|platyrhynchus Vrolik|NRM|NA|NA|1958|NA|NA|NA|NA|NA|NA|NA|Spitzbergen|NA|Tolén, Edgar|NA|NA|Possibly missing the top of the cranium?|Geofysiska året 1958; E. Tolen.|NA|No|NA|NA|NA|Svalbard|collected|15.08.2017|Black|0.013|Dental calculus|2018-10-22|15|12|NA|NA|UV + EDTA wash|EBT|22.5|45|8.75|32.8125|44|2018-11-01|6|20|33674.8478515289|8-4|ATTGGCA|TGACTGG|2018-12-06|3|18|10|15|opt buffer|5-5|ATCTTGC|CCGTTAG|8-4_5-5|54996.4147211209|NA|0|Extract probably inhibited, excluded from sequencing|NA|NA|NA|NA|NA|NA|NA|NA|NA|NA|NA|NA|NA|NA|NA|NA|NA|NA|NA|NA|NA|NA|NA|NA|NA|NA|NA|NA|NA|NA|NA|NA|NA|NA|NA|NA|NA|NA|NA|NA|NA|NA|NA
636001|NA|1|19-R59|NA|Reindeer_hist|Yes|Yes|Yes|NA|NA|Rangifer|tarandus|platyrhynchus Vrolik|NRM|NA|NA|1861|8|NA|NA|NA|Norway|Svalbard|Spitsbergen|Spitzbergen|NA|Torell, Otto|NA|NA|NA|NA|NA|No|NA|NA|NA|Svalbard|collected|15.08.2017|Brown flakey|0.069|NA|2018-11-15|19|51|18|NA|UV + EDTA wash|EBT|22.5|45|3.2|2.82352941176471|103|2018-11-21|8|20|42854.4485581025|15-7|NA|NA|NA|NA|NA|NA|NA|NA|NA|NA|NA|NA|NA|NA|NA|Elute discoloured; low AL qPCR values; probably inhibited; excluded|NA|NA|NA|NA|NA|NA|NA|NA|NA|NA|NA|NA|NA|NA|NA|NA|NA|NA|NA|NA|NA|NA|NA|NA|NA|NA|NA|NA|NA|NA|NA|NA|NA|NA|NA|NA|NA|NA|NA|NA|NA|NA|NA
614688|NA|1|3-R6|NA|NA|Yes|Yes|Yes|NA|NA|Rangifer|tarandus|platyrhynchus Vrolik/Spitzbergensis (?)|NRM|NA|NA|1861|8|NA|NA|NA|Norway|Svalbard|Spitsbergen|Spitzbergen|NA|Torell, Otto|NA|NA|ethics missing (?)|1861 Spitzbergensis; Spitybergen male ?; S. bebene; A.W.J. Banfield 7.06.59; R.E. fennicus, L.|NA|No|NA|NA|NA|Svalbard|collected|09.03.2017|Brown flakey|0.082|NA|2018-02-20|3|20|62|NA|none|EBT|10|10|1.81|4.0725|NA|2018-03-01|3|30 of A+B|269500|1-1|ATCGATT|ATCGATT|2018-04-25|2|9 in 50 x 2|12|10 x 2|NA|8-1|GCTCGAA|AATCTTC|1-1,8-1|1621500000|NA|NA|NA|NA|NA|NA|NA|NA|NA|NA|NA|NA|NA|NA|NA|NA|NA|NA|NA|NA|NA|NA|NA|NA|NA|NA|NA|NA|NA|NA|NA|NA|NA|NA|NA|NA|NA|NA|NA|NA|NA|NA|NA|NA|NA|NA
614691|NA|1|1-R1|Rt1|Reindeer_hist|Yes|Yes|Yes|Yes|NA|Rangifer|tarandus|platyrhynchus Vrolik/spitzbergensis Murray|NRM|NA|NA|1861|8|NA|NA|NA|Norway|Svalbard|Spitsbergen|Spitzbergen|NA|Torell, Otto|NA|NA|NA|Spitzbergen 1861 Torell|NA|No|NA|NA|NA|Svalbard|collected|09.03.2017|Brown flakey|0.156|NA|2017-09-04|1|10|146|NA|none|TTE|0|45|NA|NA|1-R1|2017-09-07|1|20 of A|165450|7-7|TGGCCAT|TGGCCAT|2018-04-19|1|9 in 50 x 2|12|10 x 2|NA|3-3|CCTAGGT|AGATGGC|7-7,3-3|2.969e+09|RA-1718|1.4845e+10|NA|Rt1|NA|NA|NA|NA|NA|NA|NA|NA|NA|NA|NA|NA|NA|NA|NA|NA|NA|NA|NA|NA|NA|NA|NA|NA|NA|NA|NA|NA|NA|NA|NA|NA|NA|NA|NA|NA|NA|NA|NA|NA|NA|NA
614697|NA|1|18-R54|Rt054|Reindeer_hist|Yes|Yes|Yes|Yes|NA|Rangifer|tarandus|platyrhynchus Vrolik/spitzbergensis Murray|NRM|NA|NA|1861|8|NA|NA|NA|Norway|Svalbard|Spitsbergen|Spetsbergen|NA|Torell, Otto|NA|NA|Direct translation: "Mounted together with A 62 2567 in a 4x4 dm big block picturing system in the ground, in glass cabinet 4."|Spetsbergen 1861 Jorell|NA|No|NA|NA|NA|Svalbard|collected|09.03.2017|Black|0.017|NA|2018-11-14|18|7|0|NA|UV + EDTA wash|EBT|22.5|45|3.85|24.75|208|2018-11-28|11|20|495003146.587733|12-4|ACTGCGT|TGACTGG|2018-12-09|4|18|10|15|opt buffer|9-9|AGTTGGT|TGGACGT|12-4_9-9|143981671168.079|RK-1996|215972506752.118|NA|Rt054|NA|Reindeer|1860|c19.2|NA|Spitsbergen|Svalbard|NA|No|NA|black|No|24.75|4.95e+08|12-4|9-9|1.44e+11|2.16e+11|421442192|83494643|82770019|279557|5936|0.0033|1e-04|55.8|0.322768996741794|0|0|0|0.033057799680907|0|0.644173203577299|0.322768996741794|0.033057799680907|NA|FALSE|NA|NA|pre1940|NA|NA
614690|NA|1|21-R66|Rt066|Reindeer_hist|Yes|Yes|Yes|Yes|NA|Rangifer|tarandus|platyrhynchus Vrolik/spitzbergensis Murray|NRM|NA|NA|1868|NA|NA|Male|NA|Norway|Svalbard|NA|Spitzbergen|NA|Nordenskiöld, Adolf Erik|NA|NA|NA|NA|NA|No|NA|NA|NA|Svalbard|collected|09.03.2017|Brown flakey|0.017|NA|2018-11-20|21|17|0|NA|UV + EDTA wash|EBT|22.5|45|0.24|0.635294117647059|242|2018-11-29|12|20|196892.195701786|9-7|CGATGTA|TGGCCAT|2018-12-03|1|16|10|15|excess buffer|3-3|ACCTAGG|AGATGGC|9-7_3-3|355822.352682109|RK-1996|533733.529023164|NA|Rt066|NA|Reindeer|1860|c19.2|NA|Spitsbergen|Svalbard|NA|No|NA|brown|No|0.635|197000|9-7|3-3|356000|534000|372|86|85|0|0|0|0|56.6|0.00909091|0|0|0.01818182|0.00909091|0|0.96363636|0.00909091|0.02727273|NA|FALSE|NA|NA|pre1940|NA|NA
614699|NA|1|5-R9|Rt009|Reindeer_hist|Yes|Yes|Yes|Yes|NA|Rangifer|tarandus|platyrhynchus Vrolik/spitzbergensis Murray|NRM|NA|NA|1861|8|NA|NA|NA|Norway|Svalbard|Spitsbergen|Spitzbergen|NA|Torell, Otto|NA|NA|NA|NA|NA|No|NA|NA|NA|Svalbard|collected|09.03.2017|Brown flakey|0.071|NA|2018-03-23|5|23|48|NA|UV + EDTA wash|EBT|21|45|4.7|9.19565217391304|NA|2018-04-25|4|20|151753.238607101|4-4|TGACTGG|TGACTGG|2018-12-06|3|18|10|15|buffer fine|2-2|TGCAGAG|ACCAACG|4-4_2-2|27717738.7847391|RK-1996|41576608.1771086|NA|Rt009|NA|Reindeer|1860|c19.2|NA|Spitsbergen|Svalbard|NA|No|NA|brown|No|9.2|152000|4-4|2-2|27700000|41600000|136344|25044|23550|1137|4|0.0454|2e-04|59|0.230999830076768|0|0|0|0.071467749987204|0.015408509884846|0.682123910051182|0.230999830076768|0.08687625987205|NA|FALSE|NA|NA|pre1940|NA|NA
614695|NA|1|20-R62|NA|Reindeer_hist|Yes|Yes|Yes|NA|NA|Rangifer|tarandus|platyrhynchus Vrolik/spitzbergensis Murray|NRM|NA|NA|1861|8|NA|NA|NA|Norway|Svalbard|Spitsbergen|Spetsbergen|NA|Torell, Otto|NA|NA|NA|Spetsbergen 1861 Jorell|NA|No|NA|NA|NA|Svalbard|collected|09.03.2017|Brown flakey|0.024|NA|2018-11-16|20|23|0|NA|UV + EDTA wash|EBT|22.5|45|4.73|9.25434782608696|216|2018-11-28|11|20|51402.7217265055|13-14|NA|NA|NA|NA|NA|NA|NA|NA|NA|NA|NA|NA|NA|NA|NA|Elute discoloured; low AL qPCR values; probably inhibited; excluded|NA|NA|NA|NA|NA|NA|NA|NA|NA|NA|NA|NA|NA|NA|NA|NA|NA|NA|NA|NA|NA|NA|NA|NA|NA|NA|NA|NA|NA|NA|NA|NA|NA|NA|NA|NA|NA|NA|NA|NA|NA|NA|NA
614701|NA|1|2-R3|NA|NA|Yes|Yes|Yes|NA|NA|Rangifer|tarandus|platyrhynchus Vrolik/spitzbergensis Murray|NRM|NA|NA|1861|8|NA|NA|NA|Norway|Svalbard|Spitsbergen|Spetsbergen|NA|Torell, Otto|NA|NA|Head and back of head missing??|NA|NA|No|NA|NA|NA|Svalbard|collected|09.03.2017|Black brown|0.046|lots!|2017-09-19|2|12|34|NA|none|TTE|0|45|NA|NA|NA|2017-09-21|2|20 of A|60340|5-5|CAATTGC|CAATTGC|2018-04-25|2|9 in 50 x 2|12|10 x 2|NA|6-7|ATGGAGA|CTTGCGG|5-5,6-7|1.43e+08|NA|NA|NA|NA|NA|NA|NA|NA|NA|NA|NA|NA|NA|NA|NA|NA|NA|NA|NA|NA|NA|NA|NA|NA|NA|NA|NA|NA|NA|NA|NA|NA|NA|NA|NA|NA|NA|NA|NA|NA|NA|NA|NA|NA|NA|NA
614689|NA|1|5-R8|NA|NA|Yes|Yes|Yes|NA|NA|Rangifer|tarandus|platyrhynchus Vrolik/spitzbergensis Murray|NRM|NA|NA|1868|NA|NA|Male|NA|Norway|Svalbard|NA|Spitzbergen|NA|Nordenskiöld, Adolf Erik|NA|NA|Fracture in ?|male|NA|No|NA|NA|NA|Svalbard|collected|09.03.2017|Brown flakey|0.069|NA|2018-03-23|5|19|50|NA|UV + EDTA wash|EBT|21|45|2.06|4.87894736842105|NA|2018-04-25|4|20 of A|28441.2106342328|3-3|GCTAGCC|GCTAGCC|NA|NA|NA|NA|NA|NA|NA|NA|NA|NA|NA|NA|NA|Adapter-ligated qPCR values close to blanks; excluded from indexing|NA|NA|NA|NA|NA|NA|NA|NA|NA|NA|NA|NA|NA|NA|NA|NA|NA|NA|NA|NA|NA|NA|NA|NA|NA|NA|NA|NA|NA|NA|NA|NA|NA|NA|NA|NA|NA|NA|NA|NA|NA|NA|NA
617001|NA|1|8-R29|Rt029|Reindeer_hist|Yes|Yes|Yes|Yes|NA|Rangifer|tarandus|spitsbergii|NRM|NA|NA|1900|6|16|Male|NA|Norway|Svalbard|Spitsbergen|Coal Bay, Spetsbergen|NA|Kolthoff, Gustaf|NA|NA|NA|Coal Bay 16/06/1990 Spetsbergen G. K-M|NA|No|NA|NA|NA|Svalbard|collected|15.08.2017|Black|<0.000|NA|2018-09-19|8|0|0|NA|UV + EDTA wash|EBT|20|45|0.156|NA|13|2018-10-17|4|20|11863664.0206271|14-13|TTACAGT|GGTATCG|2018-12-06|3|18|10|15|opt buffer|5-5|ATCTTGC|CCGTTAG|14-13_5-5|11084153.8298333|RK-1996|16626230.74475|NA|Rt029|NA|Reindeer|1900|c20.1|NA|Spitsbergen|Svalbard|NA|No|NA|black|No|#DIV/0!|11900000|14-13|5-5|11100000|16600000|16976|3426|3380|7|0|0.002|0|37.2|0|0|0|0.251703694992592|0.326814806592593|0.231407424488888|0.190074073925926|0|0.809925926074073|NA|FALSE|NA|NA|pre1940|NA|NA
614677|NA|1|7-R25|Rt025|Reindeer_hist|Yes|Yes|Yes|Yes|NA|Rangifer|tarandus|fennicus, Lönuberg|NRM|NA|NA|1910|12|NA|Male|NA|Sweden|Norrbotten|Pajala|Kengis bruk, Sahlberg|NA|Sohlberg, CO|NA|NA|NA|12. 1910; Duemberg|Kengis bruk = iron mill at the Torne river in Pajala municipality|No|NA|NA|NA|tame|put-down|09.03.2017|Black|0.005|NA|2018-08-14|7|0|0|NA|UV + EDTA wash|EBT|20|45|0.381|NA|55|2018-11-09|7|20|75963074.2941855|9-4|CGATGTA|TGACTGG|2018-12-06|3|18|10|15|opt buffer|1-1|CCTGCGA|AATCTTC|9-4_1-1|40328162870.1568|RK-1996|60492244305.2352|NA|Rt025|NA|Reindeer|1910|c20.1|NA|Pajala|Norrbotten|NA|Yes|NA|black|No|#DIV/0!|7.6e+07|9-4|1-1|4.03e+10|6.05e+10|143497256|29327724|28793629|364316|836|0.0124|0|53.5|0.170671356904705|9.6110009611001e-05|0|0|0.02521503103705|2.88300028830003e-05|0.803988672045751|0.170671356904705|0.025339971049544|NA|TRUE|161132|1.64010382207746|pre1940|NA|NA
614676|NA|1|7-R24|Rt024|Reindeer_hist|Yes|Yes|Yes|Yes|NA|Rangifer|tarandus|fennicus|NRM|NA|NA|1910|12|NA|NA|NA|Sweden|Norrbotten|Pajala|Kengis bruk, Sahlberg|NA|Sohlberg, CO|NA|NA|NA|NA|Kengis bruk = iron mill at the Torne river in Pajala municipality|No|NA|NA|NA|tame|put-down|09.03.2017|Black|0.007|NA|2018-08-14|7|9|0|NA|UV + EDTA wash|EBT|20|45|3.61|18.05|54|2018-11-09|7|20|293849307.558296|8-3|ATTGGCA|GCTAGCC|2018-12-06|3|18|10|15|opt buffer|1-1|CCTGCGA|AATCTTC|8-3_1-1|45400642772.0246|RK-1996|68100964158.0369|NA|Rt024|NA|Reindeer|1910|c20.1|NA|Pajala|Norrbotten|NA|Yes|NA|black|No|18.05|2.94e+08|8-3|1-1|4.54e+10|6.81e+10|259313732|52429786|46080743|3835663|822226|0.0732|0.0157|65.1|0.2308568499827|0|1.44199985580001e-05|0|0.06807632004373|0.263164959966361|0.437887450008651|0.230871269981258|0.331241280010091|NA|TRUE|161132|1.64010382207746|pre1940|NA|NA
614674|NA|1|7-R26|Rt026|Reindeer_hist|Yes|Yes|Yes|Yes|NA|Rangifer|tarandus|fennicus Lönuberg|NRM|NA|NA|1910|12|NA|NA|NA|Sweden|Norrbotten|Pajala|Kengis bruk, Sahlberg|NA|Sohlberg, CO|NA|NA|NA|NA|Kengis bruk = iron mill at the Torne river in Pajala municipality|No|NA|NA|NA|tame|put-down|09.03.2017|Black|<0.000|NA|2018-08-14|7|0|0|NA|UV + EDTA wash|EBT|20|45|<0.05|0|56|2018-11-09|7|20|357772046.512117|10-5|GTCATAC|CAATTGC|2018-12-06|3|18|10|15|opt buffer|1-1|CCTGCGA|AATCTTC|10-5_1-1|99822443507.1119|RK-1996|149733665260.668|NA|Rt026|NA|Reindeer|1910|c20.1|NA|Pajala|Norrbotten|NA|Yes|NA|black|No|0|3.58e+08|10-5|1-1|9.98e+10|1.5e+11|377714808|76158703|64747196|8256499|4547|0.1084|1e-04|59.2|0.091489250040847|0|0|0.001244659976452|0.155370280054784|0.278667879931281|0.473227929996637|0.091489250040847|0.435282819962517|NA|TRUE|161132|1.64010382207746|pre1940|NA|NA
614673|NA|1|7-R28|Rt028|Reindeer_hist|Yes|Yes|Yes|Yes|NA|Rangifer|tarandus|fennicus Lönuberg|NRM|NA|NA|1910|12|NA|Male|NA|Sweden|Norrbotten|Pajala|Kengis bruk, Sahlberg|NA|Sohlberg, CO|NA|NA|NA|NA|Kengis bruk = iron mill at the Torne river in Pajala municipality|No|NA|NA|NA|tame|put-down|09.03.2017|Black|0.005|NA|2018-08-14|7|0|0|NA|UV + EDTA wash|EBT|20|45|0.867|NA|58|2018-11-09|7|20|298586706.914995|12-7|ACTGCGT|TGGCCAT|2018-12-06|3|18|10|15|opt buffer|1-1|CCTGCGA|AATCTTC|12-7_1-1|53275104689.6114|RK-1996|79912657034.4171|NA|Rt028|NA|Reindeer|1910|c20.1|NA|Pajala|Norrbotten|NA|Yes|NA|black|No|#DIV/0!|2.99e+08|12-7|1-1|5.33e+10|7.99e+10|220022596|43538776|41570176|1387393|1605|0.0319|0|65|0.065486081957805|0|0|0.012153380368109|0.140621844207795|0.31072613941708|0.471012554049211|0.065486081957805|0.463501363992984|NA|TRUE|161132|1.64010382207746|pre1940|NA|NA
619686|A|2|21-R67|NA|Reindeer_hist|Yes|Yes|Yes|NA|NA|Rangifer|tarandus|L.|NRM|NA|NA|1907|9|NA|NA|NA|Sweden|Stockholm?|Stockholm?|Skausen (?)|NA|Skansen Zoological Park|NA|NA|NA|1970. Skausen 1907 (requitrerad som fennicus) rign 1183. Dam Shantea 1907.|NA|No|NA|NA|NA|tame|put-down|15.08.2017|White (tooth?) with black|<0.000|Small amount of material|2018-11-20|21|5|0|NA|UV + EDTA wash|EBT|22.5|45|0.09|0.81|243|2018-11-29|12|20|3662.45067612556|10-8|NA|NA|NA|NA|NA|NA|NA|NA|NA|NA|NA|NA|NA|NA|NA|Low Qubit; adapter-ligated qPCR values close to blanks; excluded from indexing|NA|NA|NA|NA|NA|NA|NA|NA|NA|NA|NA|NA|NA|NA|NA|NA|NA|NA|NA|NA|NA|NA|NA|NA|NA|NA|NA|NA|NA|NA|NA|NA|NA|NA|NA|NA|NA|NA|NA|NA|NA|NA|NA
614706|A|2|4-T1|NA|NA|Yes|Yes|No|NA|NA|Rangifer|tarandus|L.|NRM|NA|NA|1879|7|NA|NA|NA|NA|NA|NA|NA|NA|Swedish Arctic Sea Expedition 1878-79(80)|NA|NA|NA|Libescien Tjublgastfouren 1879/8, Vegaveb sign 1879|NA|No|NA|NA|NA|tame|put-down|15.08.2017|Tooth|0.12|dentin|2018-02-28|4|34|26|NA|UV|EBT|45|45|0.277|0.366617647058824|NA|NA|NA|NA|NA|NA|NA|NA|NA|NA|NA|NA|NA|NA|NA|NA|NA|NA|NA|NA|NA|NA|NA|NA|NA|NA|NA|NA|NA|NA|NA|NA|NA|NA|NA|NA|NA|NA|NA|NA|NA|NA|NA|NA|NA|NA|NA|NA|NA|NA|NA|NA|NA|NA|NA|NA|NA|NA|NA|NA|NA|NA|NA|NA|NA
614704|NA|1|6-R13|Rt13|Reindeer_hist|Yes|Yes|Yes|Yes|NA|Rangifer|tarandus|grönlandicus|NRM|September|NA|1899|8|NA|Female|NA|Greenland|NE|NA|NA|NA|Swedish Scientific Polarexpedition to NE Greenland 1899|NA|NA|Direct translation: "A61 4704 & 4705 confused? (Gender change for both) JE -91."|male; groenedvol / Nathore|Greenland?|No|NA|NA|NA|wild|collected|09.03.2017|Brown flakey|0.086|(museum records suggest labels for 614704 and 614705 may have been switched but both from same expedition)|2018-03-28|6|15|71|NA|UV + EDTA wash|EBT|21|45|7.77|23.31|6-R13|2018-04-25|4|20 of A|2534835.13025847|9-9|CGATGTA|CGATGTA|2018-04-30|3|18 in 50 x 1|12|10 x 2|NA|5-9|GCAAGAT|TGGACGT|9-9,5-9|1.988e+10|RA-1718|9.94e+10|NA|Rt13|NA|NA|NA|NA|NA|NA|NA|NA|NA|NA|NA|NA|NA|NA|NA|NA|NA|NA|NA|NA|NA|NA|NA|NA|NA|NA|NA|NA|NA|NA|NA|NA|NA|NA|NA|NA|NA|NA|NA|NA|NA|NA
614705|NA|1|19-R58|Rt058|Reindeer_hist|Yes|Yes|Yes|Yes|NA|Rangifer|tarandus|grönlandicus|NRM|September|NA|1899|8|NA|Male|NA|Greenland|NE|NA|Groenland|NA|Swedish Scientific Polarexpedition to NE Greenland 1899|NA|NA|Direct translation: "A61 4704 & 4705 confused? (Gender change for both) JE -91. Is this a kid t A61 4704? Both have old no. 1839 plus additions 2 and 3 respectively"|Bar. Groenland. Natnost|Greenland|No|NA|NA|NA|wild|collected|15.08.2017|Black|<0.000|Mostly LJ|2018-11-15|19|1|0|NA|UV + EDTA wash|EBT|22.5|45|<0.05|NA|142|2018-11-22|9|20|20566762.2186274|12-1|ACTGCGT|ATCGATT|2018-12-09|4|18|10|15|opt buffer|7-7|CATCGAG|CTTGCGG|12-1_7-7|17557698479.707|RK-1996|26336547719.5604|NA|Rt058|NA|Reindeer|1890|c19.2|NA|Greenland_NE|Greenland_NE|NA|No|NA|black|No|#VALUE!|20600000|12-1|7-7|1.76e+10|2.63e+10|65501728|13001085|12485201|64933|1025|0.005|1e-04|58|0|0|0|0.364981499931761|0.176039210049978|0.175097310044211|0.28388197997405|0|0.71611802002595|NA|FALSE|NA|NA|pre1940|NA|NA
624661|NA|1|14-R41|Rt041|Reindeer_hist|Yes|Yes|Yes|Yes|NA|Rangifer|tarandus|Läufillel (?)|NRM|NA|NA|1836|4|26|NA|NA|NA|NA|NA|Läufillel (?)|NA|Vegelin, CH|NA|NA|NA|Läufillel 188g|NA|No|NA|NA|NA|wild|collected|15.08.2017|Black brown|0.004|NA|2018-10-16|14|9|0|NA|UV + EDTA wash|EBT|22.5|45|3.13|15.65|129|2018-11-22|9|20|321155139.159319|13-3|GGTATCG|GCTAGCC|2018-12-09|4|18|10|15|opt buffer|7-7|CATCGAG|CTTGCGG|13-3_7-7|78585017691.0689|RK-1996|117877526536.603|NA|Rt041|NA|Reindeer|1830|c19.1|NA|NA|NA|NA|No|NA|black|No|15.65|3.21e+08|13-3|7-7|7.86e+10|1.18e+11|240650136|44519243|29904241|4549375|6534|0.1022|1e-04|62.2|0.025436110509875|4.81e-06|0|0.198688074068913|0.152760813029939|0.087567881734345|0.535542310656928|0.025436110509875|0.439021578833197|NA|FALSE|NA|NA|NA|NA|NA
614671|NA|1|5-R11|Rt11|Reindeer_hist|Yes|Yes|Yes|Yes|NA|Rangifer|tarandus|tarandus L.|NRM|09.10.1950|NA|1950|9|10|Male|NA|NA|NA|NA|SW Norway|NA|Skuncke, Folke|NA|NA|NA|S.V. Norge; 10/9/1950 F. Skunke; Kalvarium salirens; Njordarheim, 6 år; Gåvu av jun Skunke|Southwest Norway|No|NA|NA|NA|wild|collected|09.03.2017|Black|0.012|NA|2018-03-23|5|15|-3|NA|UV + EDTA wash|EBT|21|45|11.78|35.34|5-R11|2018-04-25|4|20 of A|12060630.1076407|5-5|CAATTGC|CAATTGC|2018-04-30|3|18 in 50 x 1|12|10 x 2|NA|8-2|GCTCGAA|ACCAACG|5-5,8-2|1.303e+11|RA-1718|6.515e+11|NA|Rt11|NA|NA|NA|NA|NA|NA|NA|NA|NA|NA|NA|NA|NA|NA|NA|NA|NA|NA|NA|NA|NA|NA|NA|NA|NA|NA|NA|NA|NA|NA|NA|NA|NA|NA|NA|NA|NA|NA|NA|NA|NA|NA
614672|NA|1|7-R27|Rt027|Reindeer_hist|Yes|Yes|Yes|Yes|NA|Rangifer|tarandus|tarandus L.|NRM|09.11.1950|NA|1950|9|11|Female|NA|Norway|NA|Njurdarheim|SW Norway|NA|Skuncke, Folke|NA|NA|NA|Vildfjällren; Njurdarheim, S.v. Norge (SW Norway?); + 11/09/1950 Gåvu av jun, Shunche (gift from Jun Shunche); female; F. Skunken|Southwest Norway, wild mountain reindeer|No|NA|NA|NA|wild|collected|09.03.2017|Brown|0.004|NA|2018-08-14|7|4|0|NA|UV + EDTA wash|EBT|20|45|6.43|72.3375|57|2018-11-09|7|20|801534735.563748|11-6|TAGCACG|GCCAATG|2018-12-06|3|18|10|15|opt buffer|1-1|CCTGCGA|AATCTTC|11-6_1-1|58571610051.1085|RK-1996|87857415076.6628|NA|Rt027|NA|Reindeer|1950|c20.2|NA|Aust-Agder_unknown|Aust-Agder|NA|No|NA|brown|No|72.34|8.02e+08|11-6|1-1|5.86e+10|8.79e+10|219488268|40313656|9107443|10875940|2163|0.2698|1e-04|65.8|0.004651829903406|0|0|0.03464367937623|0.05842181884377|0.002032789955307|0.900249881921287|0.004651829903406|0.095098288175307|NA|FALSE|NA|NA|1940|NA|NA
614670|NA|1|6-R14|Rt014|Reindeer_hist|Yes|Yes|Yes|Yes|NA|Rangifer|tarandus|tarandus L.|NRM|NA|NA|1950|9|7|Male|NA|Norway|NA|NA|SW Norway|NA|Skuncke, Folke|NA|NA|NA|S.V. Norge; 7/9 1950 F. Skunke; Vildfjällren, Njurdarheim; male, 31/2 år (year?); Kalrarium salinas|Southwest Norway, wild mountain reindeer|No|NA|NA|NA|wild|collected|09.03.2017|Black with tooth fragment|0.021|NA|2018-03-28|6|13|6|NA|UV + EDTA wash|EBT|21|45|0.503|1.74115384615385|NA|2018-04-25|4|20|1714737.6430337|10-10|GTCATAC|GTCATAC|2018-12-06|3|18|10|15|buffer fine|2-2|TGCAGAG|ACCAACG|10-10_2-2|17657967069.447|RK-1996|26486950604.1705|NA|Rt014|NA|Reindeer|1950|c20.2|NA|Aust-Agder_unknown|Aust-Agder|NA|No|NA|black|Yes|1.74|1710000|10-10|2-2|1.77e+10|2.65e+10|83644932|15620252|14309070|673767|639|0.0431|0|73.1|0.719193610119184|0.008520360011051|0|0.000562260003363|0.000701629991349|0.099365649965879|0.171656489909174|0.719193610119184|0.109149899971642|NA|FALSE|NA|NA|1940|NA|NA
945221|NA|1|10-R34|Rt034|Reindeer_hist|Yes|Yes|Yes|Yes|NA|Rangifer|tarandus|NA|NRM|20.08.1994|NA|1994|8|20|Male|NA|Russia|NA|NA|NA|NA|Kuprianov, A|NA|NA|Horns in storage room|20.08.94 L. t male ad isl. Belig, L 186 sm, Ca 14, pe 54, Au 13. A94/5221 L5715|NA|No|NA|NA|NA|wild|collected|15.08.2017|White and black powder|<0.000|NA|2018-09-27|10|9|0|NA|UV + EDTA wash|EBT|22.5|45|6.95|34.75|16|2018-10-17|4|20|9626379750.12044|4-2|TGACTGG|CAGTCAA|2018-12-05|2|18|8|15|opt buffer|2-2|TGCAGAG|ACCAACG|4-2_2-2|50819119571.3269|RK-1996|76228679356.9904|NA|Rt034|NA|Reindeer|1990|c20.2|NA|Bely Island|Bely Island|NA|No|NA|white_black|No|34.75|9.63e+09|4-2|2-2|5.08e+10|7.62e+10|185106712|34048980|24319232|7431796|3148|0.2183|1e-04|88.1|0.019208030166754|0|0|0.183636901818444|0.119121541144216|0.055624970572828|0.622408556297758|0.019208030166754|0.358383413535488|NA|FALSE|NA|NA|1980|NA|NA
612035|NA|1|7-R21|Rt021|Reindeer_hist|Yes|Yes|Yes|Yes|NA|Rangifer|tarandus|NA|NRM|NA|NA|1907|NA|NA|NA|NA|NA|NA|NA|NA|NA|Collett, R|NA|NA|NA|VILDREN|wild reindeer|No|NA|NA|NA|wild|collected|09.03.2017|Black|<0.000|NA|2018-08-14|7|0|0|NA|UV + EDTA wash|EBT|20|45|0.697|NA|51|2018-11-09|7|20|37173562.331507|15-11|AACGCTA|TAGCACG|2018-12-06|3|18|10|15|opt buffer|1-1|CCTGCGA|AATCTTC|15-11_1-1|26169952408.5566|RK-1996|39254928612.8349|NA|Rt021|NA|Reindeer|1900|c20.1|NA|NA|NA|NA|No|NA|black|No|#DIV/0!|37200000|15-11|1-1|2.62e+10|3.93e+10|117275848|23764135|23727052|17251|4472|7e-04|2e-04|54|0.544418297173341|9.61e-06|0.000889040050939|0.000946700042289|0.001100470057186|0.365601428313711|0.087034454362534|0.54530733722428|0.367658208413186|NA|FALSE|NA|NA|pre1940|NA|NA
945220|NA|1|12-R38|Rt038|Reindeer_hist|Yes|Yes|Yes|Yes|NA|Rangifer|tarandus|NA|NRM|NA|NA|1994|8|20|Female|NA|Russia|NA|NA|NA|NA|Kuprianov, A|NA|NA|Horns in storage room|Female, ad. Isl. Belig|NA|No|NA|NA|NA|wild|collected|15.08.2017|Black|0.007|NA|2018-10-11|12|8|0|NA|UV + EDTA wash|EBT|22.5|45|4.07|22.89375|154|2018-11-26|10|20|131302152.693878|2-6|CAGTCAA|GCCAATG|2018-12-09|4|18|10|15|opt buffer|8-8|TTCGAGC|GGCGGAG|2-6_8-8|55173930496.6382|RK-1996|82760895744.9573|NA|Rt038|NA|Reindeer|1990|c20.2|NA|Bely Island|Bely Island|NA|No|NA|black|No|22.89375|1.31e+08|2-6|8-8|5.52e+10|8.28e+10|176805340|32864596|18249781|11469708|2814|0.349|1e-04|81.6|0.031774710329184|0|9.61e-06|0.118986991167764|0.200331572018838|0.21835264217502|0.430544474309193|0.031784320329184|0.537671205361622|NA|FALSE|NA|NA|1980|NA|NA
945222|NA|1|16-R47|Rt047|Reindeer_hist|Yes|Yes|Yes|Yes|NA|Rangifer|tarandus|NA|NRM|20.08.1994|NA|1994|8|20|Male|NA|Russia|NA|NA|NA|NA|Kuprianov, A|NA|NA|Horns in storage room|20.08.94 male ad, isl Beliy. L 184 cm, ca 13, pe 51, Au 12|NA|No|NA|NA|NA|wild|collected|15.08.2017|White (tooth?) with black|0.007|sampled twice, I think|2018-10-30|16|5|0|NA|UV + EDTA wash|EBT|22.5|45|1.66|14.94|169|2018-11-26|10|20|163774976.558023|4-7|TGACTGG|TGGCCAT|2018-12-09|4|18|10|15|opt buffer|8-8|TTCGAGC|GGCGGAG|4-7_8-8|113960947944.8|RK-1996|170941421917.2|NA|Rt047|P9_Rt|Reindeer|1990|c20.2|NA|Bely Island|Bely Island|NA|No|NA|white_black|Yes|14.94|1.64e+08|4-7|8-8|1.14e+11|1.71e+11|275671728|48602543|36412436|8285771|147390|0.1705|0.003|90.6|0.185645625671102|0.01201883036859|0|0.029333470819837|0.086179052662309|0.10617521320198|0.580647807276182|0.185645625671102|0.233706567052716|NA|FALSE|NA|NA|1980|NA|NA
945223|NA|1|6-R12|Rt012|Reindeer_hist|Yes|Yes|Yes|Yes|NA|Rangifer|tarandus|NA|NRM|11.07.1994|NA|1994|7|11|Male|NA|Russia|New Siberian Islands|Faddeevskiy|NA|NA|Kuprianov, A|NA|NA|Horns in storage room|Male ~2~3 years; 11.07.94, o. Fadeevskiy (Novosilirskic ostrova). L 187 sm, Ca 17, Pl 56.6 Au 13|Russia (New Siberian Islands)|No|NA|NA|NA|wild|collected|15.08.2017|Black|0.014|NA|2018-03-28|6|11|3|NA|UV + EDTA wash|EBT|21|45|5.4|22.0909090909091|NA|2018-04-25|4|20|4571041.64615289|8-8|ATTGGCA|ATTGGCA|2018-12-03|1|18|10|15|buffer fine|4-4|TTGATCC|CCAGGTT|8-8_4-4|16382848300.5569|RK-1996|24574272450.8353|NA|Rt012|NA|Reindeer|1990|c20.2|NA|Anjou Islands|Anjou Islands|NA|No|NA|black|No|22.09|4570000|8-8|4-4|1.64e+10|2.46e+10|82510960|14840024|14561684|28905|27881|0.0019|0.0019|87.9|0.325522613312509|0.021702150245566|0.002926619954346|0|0.003474450058147|0.170234021922246|0.476140144507186|0.328449233266855|0.195410622225959|NA|FALSE|NA|NA|1980|NA|NA
614708|NA|1|1-R2|NA|NA|Yes|Yes|Yes|NA|NA|Rangifer|tarandus|NA|NRM|NA|NA|1931|NA|NA|Male|NA|NA|NA|NA|British Columbia (?)|NA|Utterström, John|NA|NA|NA|J. Suen, British Columbia 1931, Osbarus Ren. Gåva 1932 av John Utterström. Tulhoskium. Rangifer areticus ostromi allen Bristish Columbia 1931 J. Utterström|Possibly British Columbia (=woodland) BUT Rangifer arcticus an outdated taxonomy for Canadian/Alaskan tundra caribou|No|NA|NA|NA|wild|collected|15.08.2017|Black|0.028|NA|2017-09-04|1|18|10|NA|none|TTE|22|45|NA|NA|NA|2017-09-07|1|20 of A|407200|8-8|ATTGGCA|ATTGGCA|2018-04-19|1|9 in 50 x 2|12|10 x 2|NA|4-4|GGATCAA|CCAGGTT|8-8,4-4|1.886e+10|NA|NA|NA|NA|NA|NA|NA|NA|NA|NA|NA|NA|NA|NA|NA|NA|NA|NA|NA|NA|NA|NA|NA|NA|NA|NA|NA|NA|NA|NA|NA|NA|NA|NA|NA|NA|NA|NA|NA|NA|NA|NA|NA|NA|NA|NA
614706|B|2|13-R39|Rt039|Reindeer_hist|Yes|Yes|Yes|Yes|NA|Rangifer|tarandus|L.|NRM|NA|NA|NA|NA|NA|NA|NA|NA|NA|NA|NA|NA|NA|NA|NA|NA|NA|NA|No|NA|NA|NA|NA|NA|15.08.2017|Black|0.007|Calculus|2018-10-12|13|4|3|NA|UV + EDTA wash|EBT|22.5|45|0.466|5.2425|113|2018-11-22|9|20|47649914.0650394|12-3|ACTGCGT|GCTAGCC|2018-12-09|4|18|10|15|opt buffer|7-7|CATCGAG|CTTGCGG|12-3_7-7|28193123376.8624|RK-1996|42289685065.2935|NA|Rt039|NA|NA|NA|NA|NA|NA|NA|NA|NA|NA|NA|NA|NA|NA|NA|NA|NA|NA|NA|NA|NA|NA|NA|NA|NA|NA|NA|NA|NA|NA|NA|NA|NA|NA|NA|NA|NA|NA|NA|NA|NA|NA
619686|B|2|4-T3|NA|NA|Yes|Yes|No|NA|NA|Rangifer|tarandus|L.|NRM|NA|NA|NA|NA|NA|NA|NA|NA|NA|NA|Skausen (?)|NA|NA|NA|NA|NA|NA|NA|No|NA|NA|NA|NA|NA|15.08.2017|Tooth|0.145|Piece of tooth|2018-02-28|4|45|58|NA|UV|EBT|45|45|0.203|0.203|NA|NA|NA|NA|NA|NA|NA|NA|NA|NA|NA|NA|NA|NA|NA|NA|NA|NA|NA|NA|NA|NA|NA|NA|NA|NA|NA|NA|NA|NA|NA|NA|NA|NA|NA|NA|NA|NA|NA|NA|NA|NA|NA|NA|NA|NA|NA|NA|NA|NA|NA|NA|NA|NA|NA|NA|NA|NA|NA|NA|NA|NA|NA|NA|NA
597935|NA|1|16-R49|Rt049|Reindeer_hist|Yes|Yes|Yes|Yes|NA|Rangifer|tarandus|NA|NRM|15.06.1922|NA|1922|6|15|Female|NA|Russia|NA|NA|NA|NA|Sten Bergman|NA|NA|NA|female med skinn (with skin/leather?); Svenska Kamtschatica expeditioner|NA|No|NA|NA|NA|tundra|NA|15.08.2017|Black|0.008|incorrect ID recorded (597936?)|2018-10-30|16|5|0|NA|UV + EDTA wash|EBT|22.5|45|7.82|70.38|171|2018-11-26|10|20|898561443.087563|6-9|GCCAATG|CGATGTA|2018-12-09|4|18|10|15|opt buffer|8-8|TTCGAGC|GGCGGAG|6-9_8-8|136414555854.547|RK-1996|204621833781.82|NA|Rt049|NA|Reindeer|1920|c20.1|NA|Kamtschatka|Kamtschatka|NA|NA|NA|black|No|70.38|8.99e+08|6-9|8-8|1.36e+11|2.05e+11|542127424|107756117|105686052|312421|1303|0.0029|0|60.4|0|0|0|0.173521068280552|0.257926857399202|0.064856549347878|0.503695524972368|0|0.496304475027632|NA|FALSE|NA|NA|pre1940|NA|NA
945222|NA|1|19-R57|Rt057|Reindeer_hist|Yes|Yes|Yes|Yes|NA|Rangifer|tarandus|NA|NRM|20.08.1994|NA|1994|NA|NA|Male|NA|Russia|NA|NA|NA|NA|NA|NA|NA|NA|20.08.94 male ad, isl. Belig. L 184, Ca 13, pe 51, Au 12. L5658|NA|No|NA|NA|NA|tundra|NA|15.08.2017|Black|<0.000|sampled twice, I think|2018-11-15|19|2|0|NA|UV + EDTA wash|EBT|22.5|45|0.75|16.875|141|2018-11-22|9|20|91694703.64281|10-15|GTCATAC|AACGCTA|2018-12-09|4|18|10|15|opt buffer|7-7|CATCGAG|CTTGCGG|10-15_7-7|49234285377.8311|RK-1996|73851428066.7466|NA|Rt057|P9_Rt|Reindeer|1990|c20.2|NA|Bely Island|Bely Island|NA|NA|NA|black|No|16.875|91700000|10-15|7-7|4.92e+10|7.39e+10|101603448|18281558|17543033|398700|5234|0.0218|3e-04|68.8|4.81e-06|0|0|0.135326068646739|0.292570507061848|0|0.572098614291413|4.81e-06|0.427896575708587|NA|FALSE|NA|NA|1980|NA|NA
MH232|NA|1|8-R30|Rt030|Reindeer_pre|Yes|Yes|Yes|Yes|NA|Rangifer|tarandus|NA|Hungary|16000 BP|NA|NA|NA|NA|NA|NA|Hungary|Somogy|NA|NA|NA|NA|NA|NA|Ságvár, loess, Somogy county|Mihály in an email: "In the case of Sagvar it is R. arcticus, but it was used as a synonim of tarandus. Anyway these Sagvar specimens seem to be a bit smaller sized individuals than the others, but it doesn't mean necessarily  difference in specific or subspecific level it can be intraspecific variability."|NA|NA|NA|NA|NA|pre-historic|NA|NA|Calculus|NA|Mostly pink-white coating across tooth, quite hard-fixed to tooth - real calculus? Or scores from past drilling? Also got some brown deposits, 90% sure its dirt that fell off the tooth during drilling (hard to avoid); LOTS of material|2018-09-19|8|4|lots|NA|UV + EDTA wash|EBT|20|45|0.318|3.5775|14|2018-10-17|4|20|908210388.754076|15-14|AACGCTA|TTACAGT|2018-12-06|3|18|10|15|opt buffer|5-5|ATCTTGC|CCGTTAG|15-14_5-5|12931658644.0842|RK-1996|19397487966.1263|NA|Rt030|NA|Reindeer|16000|LGM_during|NA|Sagvar|Sagvar|NA|NA|NA|calculus|maybe|3.58|9.08e+08|15-14|5-5|1.29e+10|1.94e+10|56535172|9968613|9933434|1549|20798|2e-04|0.0021|83.7|9.6100009610001e-06|0|9.6100009610001e-06|0.002921800004805|0.005555289988465|0.784300069969246|0.207203620035562|1.92200019220002e-05|0.792777159962516|NA|FALSE|NA|NA|NA|NA|NA
MH37|NA|1|10-R33|Rt033|Reindeer_pre|Yes|Yes|Yes|Yes|NA|Rangifer|tarandus|NA|TAW|33.6-40 Ka|NA|NA|NA|NA|NA|NA|Belgium|Trou Al’Wesse|NA|NA|NA|NA|NA|NA|Trou Al’Wesse, Terrace (Miller & Otte excavations, 2003-2013)|TAW 2012 N6 B 282 15.8|NA|NA|NA|NA|NA|pre-historic|NA|NA|Calculus|NA|several small fragments, got brown +  white powder but crazy glove/drill moment (again)|2018-09-27|10|4|0|NA|UV + EDTA wash|EBT|22.5|45|0.096|1.08|15|2018-10-17|4|20|821978.129402033|3-1|GCTAGCC|ATCGATT|2018-12-10|5|18|20|15|opt buffer|1-1|CCTGCGA|AATCTTC|3-1_1-1|275086253353.173|RK-1996|412629380029.76|NA|Rt033|NA|Reindeer|34-40000|LGM_before|NA|Trou Al Wesse|Trou Al Wesse|NA|NA|NA|calculus|maybe|1.08|822000|3-1|1-1|2.75e+11|4.13e+11|1204293424|3765512|3756713|854|4553|2e-04|0.0012|104.6|0|0|0|0.006391469907731|0.01491181970109|0.749435334981981|0.229261375409198|0|0.770738624590802|NA|FALSE|NA|NA|NA|NA|NA
MH44|NA|1|15-R44|Rt044|Reindeer_pre|Yes|Yes|Yes|Yes|NA|Rangifer|tarandus|NA|TAW|33.6-40 Ka|mtDNA control region|NA|NA|NA|NA|NA|Belgium|Trou Al’Wesse|NA|NA|NA|NA|NA|NA|Trou Al’Wesse, Terrace (Miller & Otte excavations, 2003-2013)|TAW 2012 NSD 116 N5.116 15.3|NA|NA|NA|NA|NA|pre-historic|NA|NA|Calculus|NA|brown/white powder from running drill over tooth|2018-10-22|15|2|NA|NA|UV + EDTA wash|EBT|22.5|45|0.098|2.205|45|2018-11-01|6|20|322862.811026275|9-5|CGATGTA|CAATTGC|2018-12-10|5|18|20|15|opt buffer|1-1|CCTGCGA|AATCTTC|9-5_1-1|135599230400.749|RK-1996|203398845601.124|NA|Rt044|NA|Reindeer|34-40000|LGM_before|NA|Trou Al Wesse|Trou Al Wesse|NA|NA|NA|calculus|maybe|2.205|323000|9-5|1-1|1.36e+11|2.03e+11|459789064|22610720|22339203|147198|26135|0.0065|0.0012|76.7|0.00801576006055|0|0.005829190074486|7.68900076890008e-05|0.042774770393578|0.628814476310733|0.314488913152964|0.013844950135036|0.671666136712|NA|FALSE|NA|NA|NA|NA|NA
MH32|NA|1|9-R32|Rt032|Reindeer_pre|Yes|Yes|Yes|Yes|NA|Rangifer|tarandus|NA|TAW|NA|NA|NA|NA|NA|NA|NA|Belgium|Trou Al’Wesse|NA|NA|NA|NA|NA|NA|Trou Al’Wesse, Terrace (Collin & Otte excavations, 1996)|TAW 1996 M5.553.4 stratum 16 square M5 fiche 553|NA|NA|NA|NA|NA|pre-historic|NA|NA|Calculus|NA|brown deposit in crack + white powder (tooth?)|2018-09-21|9|3|0|NA|UV + EDTA wash|EBT|20|45|<0.05|NA|64|2018-11-09|7|20|79509.9482526881|3-13|GCTAGCC|GGTATCG|2018-12-10|5|18|20|15|opt buffer|1-1|CCTGCGA|AATCTTC|3-13_1-1|55505678027.8519|RK-1996|83258517041.7779|NA|Rt032|NA|Reindeer|NA|LGM_unknown|NA|Trou Al Wesse|Trou Al Wesse|NA|NA|NA|calculus|maybe|#VALUE!|79500|3-13|1-1|5.55e+10|8.33e+10|64637016|1529719|1522301|848|2823|6e-04|0.0018|109.6|0.001340779931759|0|0|0.011629599400259|0.042976597859579|0.600543009997119|0.343510012811284|0.001340779931759|0.655149207256957|NA|FALSE|NA|NA|NA|NA|NA
MH26|NA|1|19-R60|Rt060|Reindeer_pre|Yes|Yes|Yes|Yes|NA|Rangifer|tarandus|NA|TAW|>40 Ka?|NA|NA|NA|NA|NA|NA|Belgium|Trou Al’Wesse|NA|NA|NA|NA|NA|NA|Trou Al’Wesse, Terrace (Collin & Otte excavations, 1996)|TAW 1996 M5.553.1 stratum 16 square M5 fiche 553|NA|NA|NA|NA|NA|pre-historic|NA|NA|Calculus|NA|brown/white powder from running drill over tooth|2018-11-15|19|1|0|NA|UV + EDTA wash|EBT|22.5|45|0.104|4.68|104|2018-11-21|8|20|398622.885438047|1-8|ATCGATT|ATTGGCA|2018-12-10|5|18|20|15|opt buffer|1-1|CCTGCGA|AATCTTC|1-8_1-1|85978939767.1016|RK-1996|128968409650.652|NA|Rt060|NA|Reindeer|40000|LGM_before|NA|Trou Al Wesse|Trou Al Wesse|NA|NA|NA|calculus|maybe|4.68|399000|1-8|1-1|8.6e+10|1.29e+11|241461592|10519164|10432624|46843|11897|0.0045|0.0011|94.3|0.201854945966649|0.002494119944735|0|0.002719979943774|0.005382289891873|0.49436782015378|0.293180844099189|0.201854945966649|0.504964209934162|NA|FALSE|NA|NA|NA|NA|NA
MH404|NA|1|19-R61|Rt061|Reindeer_pre|Yes|Yes|Yes|Yes|NA|Rangifer|tarandus|NA|Saivarova|394 ± 17 BP|NA|NA|NA|NA|NA|NA|Sweden|Gällivare|NA|NA|NA|NA|NA|NA|Saivarova (Sámi offering site), Holmajärvi, Norrkaitum, Gällivare|Saivarova L626d mandible molar M2|NA|NA|NA|NA|NA|pre-historic|NA|NA|Calculus|NA|black/grey film over teeth (dirt?) but actually looked white as a powder|2018-11-15|19|1|0|NA|UV + EDTA wash|EBT|22.5|45|2.08|93.6|105|2018-11-21|8|20|47391057.1536395|2-9|CAGTCAA|CGATGTA|2018-12-06|3|18|10|15|opt buffer|6-6|TCTCCAT|CGCCTCT|2-9_6-6|77488490285.68|RK-1996|116232735428.52|NA|Rt061|NA|Reindeer|400|LGM_after|NA|Gallivare|Norrbotten|NA|NA|NA|calculus|maybe|93.6|47400000|2-9|6-6|7.75e+10|1.16e+11|313401776|61616924|61570706|5871|1137|1e-04|0|57|0|0|0|0|0.009097020080733|0.766312657684658|0.224590322234609|0|0.775409677765391|NA|TRUE|NA|NA|NA|NA|NA
MH303|NA|1|13-R40|Rt040|Reindeer_pre|Yes|Yes|Yes|Yes|NA|Rangifer|tarandus|NA|Pestrechinsky II|4000 cal BP|NA|NA|NA|NA|NA|NA|Russia|Tatarstan Republic|NA|NA|NA|NA|NA|NA|Pestrechinsky II site|Neemp Demoranna 2013T P.I, yr B/8 ml-10 5/ll eeb ...couldnt read (Pestrechinsky II site 18-17 cc BC)|Likely forest reindeer, please see the article Heino et al. for more information, Archaelogical lable on zip-paket (in Russian): Пестречинская II стоянка 2013, Р.1, уч.В/8, пласт 10, б/м|NA|NA|NA|NA|pre-historic|NA|NA|Calculus|NA|white/pink stuff over teeth, possibly real calculus or marks from previous drilling? Also some brownish stuff and some bone powder that accidentally fell out of a previously drilled hole|2018-10-12|13|7|0|NA|UV + EDTA wash|EBT|22.5|45|0.23|1.47857142857143|114|2018-11-22|9|20|15032425.6283873|13-4|GGTATCG|TGACTGG|2018-12-09|4|18|10|15|opt buffer|7-7|CATCGAG|CTTGCGG|13-4_7-7|11609856932.8685|RK-1996|17414785399.3028|NA|Rt040|NA|NA|NA|NA|NA|NA|NA|NA|NA|NA|NA|NA|NA|NA|NA|NA|NA|NA|NA|NA|NA|NA|NA|NA|NA|NA|NA|NA|NA|NA|NA|NA|NA|NA|NA|NA|NA|NA|NA|NA|NA|NA
MH36|NA|1|14-R42|Rt042|Reindeer_pre|Yes|Yes|Yes|Yes|NA|Rangifer|tarandus|NA|TAW|NA|NA|NA|NA|NA|NA|NA|Belgium|Trou Al’Wesse|NA|NA|NA|NA|NA|NA|Trou Al’Wesse, Terrace (Miller & Otte excavations, 2003-2013)|TAW 2012 L7 C Dec 13 Couche 15(c) piece 74 L7.74|NA|NA|NA|NA|NA|pre-historic|NA|NA|Calculus|NA|white powder, ran drill over tooth sides (think tooth powder)|2018-10-16|14|3|0|NA|UV + EDTA wash|EBT|22.5|45|0.151|2.265|130|2018-11-22|9|20|9673149.63756731|14-4|TTACAGT|TGACTGG|2018-12-10|5|18|16|15|opt buffer|1-1|CCTGCGA|AATCTTC|14-4_1-1|196640750248.39|RK-1996|294961125372.586|NA|Rt042|NA|Reindeer|NA|LGM_unknown|NA|Trou Al Wesse|Trou Al Wesse|NA|NA|NA|calculus|maybe|2.265|9670000|14-4|1-1|1.97e+11|2.95e+11|614701896|108221485|108169999|11120|12663|1e-04|1e-04|62.7|0.000182600007208|0|0|1.44200009610001e-05|0.008438640009611|0.762689229977415|0.228675110004805|0.000182600007208|0.771142289987987|NA|FALSE|NA|NA|NA|NA|NA
MH4|NA|1|12-R37|Rt037|Reindeer_pre|Yes|Yes|Yes|Yes|NA|Rangifer|tarandus|NA|TAW|33.6-40 Ka|mtDNA control region|NA|NA|NA|NA|NA|Belgium|Trou Al’Wesse|NA|NA|NA|NA|NA|NA|Trou Al’Wesse, Terrace (Miller & Otte excavations, 2003-2013)|TAW 2013 N5.413 L 15.6|NA|NA|NA|NA|NA|pre-historic|NA|NA|Calculus|NA|brown deposits/film; accidentally broke tooth piece off crinkle, returned broken bits to bag|2018-10-11|12|18|0|NA|UV + EDTA wash|EBT|22.5|45|0.276|0.69|153|2018-11-26|10|20|4350518.9922649|1-5|ATCGATT|CAATTGC|2018-12-10|5|18|16|15|opt buffer|1-1|CCTGCGA|AATCTTC|1-5_1-1|146589403444.287|RK-1996|219884105166.43|NA|Rt037|NA|Reindeer|34-40000|LGM_before|NA|Trou Al Wesse|Trou Al Wesse|NA|NA|NA|calculus|maybe|0.69|4350000|1-5|1-1|1.47e+11|2.2e+11|343024016|51600646|51016628|325669|37355|0.0063|7e-04|74.2|0|0|0|0|0.036018069631409|0.765759992334087|0.198221938034504|0|0.801778061965496|NA|FALSE|NA|NA|NA|NA|NA
MH40|NA|1|16-R45|Rt045|Reindeer_pre|Yes|Yes|Yes|Yes|NA|Rangifer|tarandus|NA|TAW|>40 Ka?|mtDNA control region|NA|NA|NA|NA|NA|Belgium|Trou Al’Wesse|NA|NA|NA|NA|NA|NA|Trou Al’Wesse, Terrace (Miller & Otte excavations, 2003-2013)|TAW 08 M7.104|NA|NA|NA|NA|NA|pre-historic|NA|NA|Calculus|NA|brown/white powder from running drill over tooth|2018-10-30|16|2|0|NA|UV + EDTA wash|EBT|22.5|45|<0,05|NA|167|2018-11-26|10|20|221129.037873181|2-5|CAGTCAA|CAATTGC|2018-12-10|5|18|20|15|opt buffer|1-1|CCTGCGA|AATCTTC|2-5_1-1|224362501444.734|RK-1996|336543752167.101|NA|Rt045|NA|Reindeer|40000|LGM_before|NA|Trou Al Wesse|Trou Al Wesse|NA|NA|NA|calculus|maybe|#VALUE!|221000|2-5|1-1|2.24e+11|3.37e+11|745309844|48025877|47947461|19878|17567|4e-04|4e-04|56.5|0.297010917035417|0.001220619985583|0|0.026272279725119|0.008938439900043|0.462525845352011|0.204031898001826|0.297010917035417|0.498957184962756|NA|FALSE|NA|NA|NA|NA|NA
MH227+8|NA|1|16-R46|Rt046|Reindeer_pre|Yes|Yes|Yes|Yes|NA|Rangifer|tarandus|NA|Hungary|12000 BP|mitogenome|NA|NA|NA|NA|NA|Hungary|Peskő|NA|NA|NA|NA|NA|NA|Peskő-cave, világossárga clay|Peskö cave premolar fragments V.60.402|NA|NA|NA|NA|NA|pre-historic|NA|NA|Calculus|NA|brownish film over teeth (2 fragments, presumed to be same tooth but different MH numbers, maybe not? Ask Matti)|2018-10-30|16|1|0|NA|UV + EDTA wash|EBT|22.5|45|0.098|4.41|168|2018-11-26|10|20|426839.047747114|3-6|GCTAGCC|GCCAATG|2018-12-10|5|18|20|15|opt buffer|1-1|CCTGCGA|AATCTTC|3-6_1-1|519324351957.006|RK-1996|778986527935.508|NA|Rt046|NA|NA|NA|NA|NA|NA|NA|NA|NA|NA|NA|NA|NA|NA|NA|NA|NA|NA|NA|NA|NA|NA|NA|NA|NA|NA|NA|NA|NA|NA|NA|NA|NA|NA|NA|NA|NA|NA|NA|NA|NA|NA
MH18|NA|1|17-R51|Rt051|Reindeer_pre|Yes|Yes|Yes|Yes|NA|Rangifer|tarandus|NA|TAW|NA|NA|NA|NA|NA|NA|NA|Belgium|Trou Al’Wesse|NA|NA|NA|NA|NA|NA|Trou Al’Wesse, Terrace (Miller & Otte excavations, 2003-2013)|TAW 2012 N4.139 15.8 BE|NA|NA|NA|NA|NA|pre-historic|NA|NA|Calculus|NA|brownish film across one side of tooth (other side had many drilled holes)|2018-11-13|17|1|0|NA|UV + EDTA wash|EBT|22.5|45|0.085|3.825|178|2018-11-26|10|20|40200.0105123869|15-1|AACGCTA|ATCGATT|2018-12-10|5|18|20|15|opt buffer|1-1|CCTGCGA|AATCTTC|15-1_1-1|101692697666.052|RK-1996|152539046499.078|NA|Rt051|NA|Reindeer|NA|LGM_unknown|NA|Trou Al Wesse|Trou Al Wesse|NA|NA|NA|calculus|maybe|3.825|40200|15-1|1-1|1.02e+11|1.53e+11|257447960|2821062|2776528|725|32490|3e-04|0.0115|86.8|0|0|0|0.038718809986544|0.00360903000913|0.77416982999856|0.183502330005766|0|0.816497669994234|NA|FALSE|NA|NA|NA|NA|NA
MH301-A|A|2|18-R55|Rt055|Reindeer_pre|Yes|Yes|Yes|Yes|NA|Rangifer|tarandus|NA|Pestrechinsky II|4000 cal BP|NA|NA|NA|NA|NA|NA|Russia|Tatarstan Republic|NA|NA|NA|NA|NA|NA|Pestrechinsky II site|NC Comp II ... 2013 PI 4/7-15 10 ...couldn't read (Pestrechinsky II site 18-17 cc BC)|Likely forest reindeer, please see the article Heino et al. for more information, Archaelogical lable on zip-paket (in Russian): Пестречинская II стоянка 2013, Р.1, уч.Б/10, пласт 10, б/м|NA|NA|NA|NA|pre-historic|NA|NA|Dirt|NA|Drilled off thick layer of dark brown dirt caked onto tooth - could use as a soil control|2018-11-14|18|31|0|NA|UV + EDTA wash|EBT|22.5|45|1.63|2.36612903225806|209|2018-11-28|11|20|10482829.1031399|12-10|ACTGCGT|GTCATAC|2018-12-09|4|18|10|15|opt buffer|9-9|AGTTGGT|TGGACGT|12-10_9-9|1777489521.2686|RK-1996|2666234281.9029|NA|Rt055|P8_Rt|Reindeer|4000|LGM_after|NA|Pestrechinsky|Tatarstan|NA|NA|NA|dirt|maybe|2.366|10500000|12-10|9-9|1.78e+09|2.67e+09|7731808|1556901|1554378|1087|75|7e-04|0|62.3|0.222129852210101|0|0.087082520857802|3.36400033640003e-05|0.004877700046614|0.472108204734009|0.213768082148109|0.309212373067903|0.477019544783987|NA|FALSE|NA|NA|NA|NA|NA
MH301-B|B|2|18-R56|Rt056|Reindeer_pre|Yes|Yes|Yes|Yes|NA|Rangifer|tarandus|NA|Pestrechinsky II|4000 cal BP|NA|NA|NA|NA|NA|NA|Russia|Tatarstan Republic|NA|NA|NA|NA|NA|NA|Pestrechinsky II site|NC Comp II ... 2013 PI 4/7-15 10 ...couldn't read (Pestrechinsky II site 18-17 cc BC)|Likely forest reindeer, please see the article Heino et al. for more information, Archaelogical lable on zip-paket (in Russian): Пестречинская II стоянка 2013, Р.1, уч.Б/10, пласт 10, б/м|NA|NA|NA|NA|pre-historic|NA|NA|Calculus|NA|Drilled whitish/brown powder from tooth parts cleaned of dirt (still got a bit of dirt in collection however). Note did NOT do second UV after dirt removal (did change drill bit)|2018-11-14|18|6|0|NA|UV + EDTA wash|EBT|22.5|45|0.181|1.3575|210|2018-11-28|11|20|103789.714676513|12-12|ACTGCGT|ACTGCGT|2018-12-10|5|18|20|15|opt buffer|1-1|CCTGCGA|AATCTTC|12-12_1-1|239874765914.667|RK-1996|359812148872|NA|Rt056|P8_Rt|Reindeer|4000|LGM_after|NA|Pestrechinsky|Tatarstan|NA|NA|NA|calculus|maybe|1.358|104000|12-12|1-1|2.4e+11|3.6e+11|975000276|138944798|138642154|168804|6421|0.0012|0|70.7|0.010274400029794|0|0.003532120001921|4.81e-06|0.007083479981738|0.804570129957232|0.174535060029315|0.013806520031715|0.81165841993897|NA|FALSE|NA|NA|NA|NA|NA
MH7|NA|1|20-R65|Rt065|Reindeer_pre|Yes|Yes|Yes|Yes|NA|Rangifer|tarandus|NA|TAW|26 Ka|mtDNA control region|NA|NA|NA|NA|NA|Belgium|Trou Al’Wesse|NA|NA|NA|NA|NA|NA|Trou Al’Wesse, Terrace (Miller & Otte excavations, 2003-2013)|TAW 2013 Q7(P7).47 C.14|NA|NA|NA|NA|NA|pre-historic|NA|NA|Calculus|NA|white stuff (tooth?) and brown (dirt?)|2018-11-16|20|1|0|NA|UV + EDTA wash|EBT|22.5|45|<0.05|NA|219|2018-11-28|11|20|78495982.207205|14-15|TTACAGT|AACGCTA|2018-12-09|4|18|10|15|opt buffer|9-9|AGTTGGT|TGGACGT|14-15_9-9|65389674958.4096|RK-1996|98084512437.6144|NA|Rt065|NA|Reindeer|26000|LGM_during|NA|Trou Al Wesse|Trou Al Wesse|NA|NA|NA|calculus|maybe|#VALUE!|78500000|14-15|9-9|6.54e+10|9.81e+10|195689764|39079191|39042139|19012|321|5e-04|0|45.2|0.381162017473689|0|0|0.000197030002402|0|0.161742493053487|0.456898459470422|0.381162017473689|0.161939523055889|NA|FALSE|NA|NA|NA|NA|NA
MH23|NA|1|21-R68|Rt068|Reindeer_pre|Yes|Yes|Yes|Yes|NA|Rangifer|tarandus|NA|TAW|33.6-40 Ka|mtDNA control region|NA|NA|NA|NA|NA|Belgium|Trou Al’Wesse|NA|NA|NA|NA|NA|NA|Trou Al’Wesse, Terrace (Miller & Otte excavations, 2003-2013)|TAW 2012 NS 267 Deut 15.9 15.8 BE|NA|NA|NA|NA|NA|pre-historic|NA|NA|Calculus|NA|brown deposit in tooth crinkle; did go around sides too BUT outer glove got caught in the drill (didn't break inner glove however), tooth went flying|2018-11-20|21|1|0|NA|UV + EDTA wash|EBT|22.5|45|0.152|6.84|244|2018-11-29|12|20|875469.598523621|11-9|TAGCACG|CGATGTA|2018-12-10|5|18|20|15|opt buffer|1-1|CCTGCGA|AATCTTC|11-9_1-1|163215155703.719|RK-1996|244822733555.578|NA|Rt068|NA|Reindeer|34-40000|LGM_before|NA|Trou Al Wesse|Trou Al Wesse|NA|NA|NA|calculus|maybe|6.84|875000|11-9|1-1|1.63e+11|2.45e+11|448837944|17798554|17723848|3752|47979|2e-04|0.0027|78.4|0|0|0|0.002974669970205|0.00296025996588|0.748570322523428|0.245494747540487|0|0.754505252459513|NA|FALSE|NA|NA|NA|NA|NA
MH19|NA|1|11-R36|NA|Reindeer_pre|Yes|Yes|Yes|NA|NA|Rangifer|tarandus|NA|TAW|NA|NA|NA|NA|NA|NA|NA|Belgium|Trou Al'Wesse|NA|NA|NA|NA|NA|NA|Trou Al’Wesse, Terrace (Miller & Otte excavations, 2003-2013)|TAW 2013, square N6, dic 54, couche 15.6, sachet 276. Rangifer. N6.276.1|NA|NA|NA|NA|NA|pre-historic|NA|NA|Calculus|NA|brownish stuff (dirt?)|2018-10-03|11|4|0|NA|UV + EDTA wash|EBT|22.5|45|<0.05|NA|87|2018-11-21|8|20|1964.59680625594|13-6|NA|NA|NA|NA|NA|NA|NA|NA|NA|NA|NA|NA|NA|NA|NA|Low Qubit; adapter-ligated qPCR values close to blanks; excluded from indexing|NA|NA|NA|NA|NA|NA|NA|NA|NA|NA|NA|NA|NA|NA|NA|NA|NA|NA|NA|NA|NA|NA|NA|NA|NA|NA|NA|NA|NA|NA|NA|NA|NA|NA|NA|NA|NA|NA|NA|NA|NA|NA|NA
945223|NA|1|NA|NA|NA|Yes|EXCLUDE (sampled twice)|NA|NA|NA|Rangifer|tarandus|NA|NRM|11.07.1994|NA|NA|NA|NA|Male|NA|NA|NA|NA|NA|NA|NA|NA|NA|NA|2-3 years, 11.07.94. Fadeevskig (Novosibirskil ostrova)|Russia (New Siberian Islands)|No|NA|NA|NA|NA|NA|15.08.2017|Black brown|0.029|NA|NA|NA|NA|NA|NA|NA|NA|NA|NA|NA|NA|NA|NA|NA|NA|NA|NA|NA|NA|NA|NA|NA|NA|NA|NA|NA|NA|NA|NA|NA|NA|NA|NA|NA|NA|NA|NA|NA|NA|NA|NA|NA|NA|NA|NA|NA|NA|NA|NA|NA|NA|NA|NA|NA|NA|NA|NA|NA|NA|NA|NA|NA|NA|NA|NA|NA|NA|NA|NA|NA|NA|NA|NA|NA|NA|NA
614706|B|2|13-R39|NA|Reindeer_hist|Yes|Yes|Yes|Yes|NA|Rangifer|tarandus|NA|NRM|NA|NA|NA|NA|NA|NA|NA|NA|NA|NA|NA|NA|NA|NA|NA|NA|NA|NA|No|NA|NA|NA|tundra|collected|15.08.2017|NA|0.007|NA|NA|13|4|3|NA|UV + EDTA wash|EBT|22.5|45|0.466|NA|113|NA|9|20|NA|NA|ACTGCGT|GCTAGCC|NA|4|18|10|15|opt buffer|NA|CATCGAG|CTTGCGG|12-3_7-7|NA|RK-1996|NA|NA|Art039|NA|Reindeer|NA|NA|NA|NA|NA|NA|No|NA|black|No|5.243|47600000|12-3|7-7|2.82e+10|4.23e+10|114524684|21995472|15059760|2317720|2364|0.1054|1e-04|61.6|0|0|0|0.523206299553559|0.031222069350761|0|0.44557163109568|0|0.55442836890432|NA|FALSE|NA|NA|NA|NA|NA
MH303|NA|1|13-R40|NA|Reindeer_pre|Yes|Yes|Yes|Yes|NA|Rangifer|tarandus|NA|TAS|NA|NA|NA|NA|NA|NA|NA|Russia|NA|NA|NA|NA|NA|NA|NA|NA|NA|NA|NA|NA|NA|NA|tundra|NA|NA|NA|NA|NA|NA|13|7|0|NA|UV + EDTA wash|EBT|22.5|45|0.23|NA|114|NA|9|20|NA|NA|GGTATCG|TGACTGG|NA|4|18|10|15|opt buffer|NA|CATCGAG|CTTGCGG|13-4_7-7|NA|RK-1996|NA|NA|Art040|NA|Reindeer|4000|LGM_after|NA|Pestrechinsky|Tatarstan|NA|NA|NA|calculus|maybe|1.479|1.5e+07|13-4|7-7|1.16e+10|1.74e+10|37811004|7666528|7623031|28473|228|0.0037|0|55.3|0|0|0.001398439987024|0|0.004579749968763|0.703709932930464|0.290311877113749|0.001398439987024|0.708289682899227|NA|FALSE|NA|NA|NA|NA|NA
MH27+8|NA|1|16-R46|NA|Reindeer_pre|Yes|Yes|Yes|Yes|NA|Rangifer|tarandus|NA|MTTM|NA|NA|NA|NA|NA|NA|NA|Hungary|NA|NA|NA|NA|NA|NA|NA|NA|NA|NA|NA|NA|NA|NA|NA|NA|NA|NA|NA|NA|NA|16|1|0|NA|UV + EDTA wash|EBT|22.5|45|0.098|NA|168|NA|10|20|NA|NA|GCTAGCC|GCCAATG|NA|5|18|20|15|opt buffer|NA|CCTGCGA|AATCTTC|3-6_1-1|NA|RK-1996|NA|NA|Rt046|NA|Reindeer|12000|LGM_after|NA|Pesko|Pesko|NA|NA|NA|calculus|maybe|4.41|427000|3-6|1-1|5.19e+11|7.79e+11|1169961372|180268914|180082592|37525|48632|2e-04|3e-04|46|0.425493768590035|0.002426830050458|0|0.008510740168195|0.005065120088423|0.403916587971552|0.154586953131338|0.425493768590035|0.419919278278628|NA|FALSE|NA|NA|NA|NA|NA
